-- Projects, department coverage, and active team assignments.

BEGIN;

INSERT INTO projects (id, name, code, status, start_date, end_date)
VALUES
    ('66666666-6666-6666-6666-666666666601', 'ERP Modernization', 'ERP-2026', 'ACTIVE', (CURRENT_DATE - INTERVAL '90 days')::date, NULL),
    ('66666666-6666-6666-6666-666666666602', 'Talent Portal Rollout', 'TPR-2026', 'PLANNED', (CURRENT_DATE + INTERVAL '30 days')::date, (CURRENT_DATE + INTERVAL '180 days')::date),
    ('66666666-6666-6666-6666-666666666603', 'Mobility Rollout Phase 1', 'MOB-2025', 'COMPLETED', (CURRENT_DATE - INTERVAL '420 days')::date, (CURRENT_DATE - INTERVAL '120 days')::date)
ON CONFLICT (code) DO UPDATE
SET name = EXCLUDED.name,
    status = EXCLUDED.status,
    start_date = EXCLUDED.start_date,
    end_date = EXCLUDED.end_date;

INSERT INTO project_departments (id, project_id, department_id, is_lead)
VALUES
    ('77777777-7777-7777-7777-777777778001', '66666666-6666-6666-6666-666666666601', '22222222-2222-2222-2222-222222222203', TRUE),
    ('77777777-7777-7777-7777-777777778002', '66666666-6666-6666-6666-666666666601', '22222222-2222-2222-2222-222222222204', FALSE),
    ('77777777-7777-7777-7777-777777778003', '66666666-6666-6666-6666-666666666601', '22222222-2222-2222-2222-222222222205', FALSE),
    ('77777777-7777-7777-7777-777777778004', '66666666-6666-6666-6666-666666666602', '22222222-2222-2222-2222-222222222202', TRUE),
    ('77777777-7777-7777-7777-777777778005', '66666666-6666-6666-6666-666666666602', '22222222-2222-2222-2222-222222222205', FALSE),
    ('77777777-7777-7777-7777-777777778006', '66666666-6666-6666-6666-666666666603', '22222222-2222-2222-2222-222222222204', TRUE)
ON CONFLICT (project_id, department_id) DO UPDATE
SET is_lead = EXCLUDED.is_lead;

INSERT INTO project_assignments (id, employee_id, project_id, supervisor_id, assignment_role, start_date, end_date, is_active)
VALUES
    ('77777777-7777-7777-7777-777777779001', '44444444-4444-4444-4444-444444444404', '66666666-6666-6666-6666-666666666601', '44444444-4444-4444-4444-444444444403', 'MANAGER', (CURRENT_DATE - INTERVAL '80 days')::date, NULL, TRUE),
    ('77777777-7777-7777-7777-777777779002', '44444444-4444-4444-4444-444444444405', '66666666-6666-6666-6666-666666666601', '44444444-4444-4444-4444-444444444403', 'MANAGER', (CURRENT_DATE - INTERVAL '80 days')::date, NULL, TRUE),
    ('77777777-7777-7777-7777-777777779003', '44444444-4444-4444-4444-444444444406', '66666666-6666-6666-6666-666666666601', '44444444-4444-4444-4444-444444444405', 'MEMBER', (CURRENT_DATE - INTERVAL '70 days')::date, NULL, TRUE),
    ('77777777-7777-7777-7777-777777779004', '44444444-4444-4444-4444-444444444407', '66666666-6666-6666-6666-666666666601', '44444444-4444-4444-4444-444444444405', 'MEMBER', (CURRENT_DATE - INTERVAL '70 days')::date, NULL, TRUE),
    ('77777777-7777-7777-7777-777777779005', '44444444-4444-4444-4444-444444444408', '66666666-6666-6666-6666-666666666601', '44444444-4444-4444-4444-444444444405', 'MEMBER', (CURRENT_DATE - INTERVAL '35 days')::date, NULL, TRUE),
    ('77777777-7777-7777-7777-777777779006', '44444444-4444-4444-4444-444444444402', '66666666-6666-6666-6666-666666666602', '44444444-4444-4444-4444-444444444403', 'MANAGER', (CURRENT_DATE + INTERVAL '30 days')::date, (CURRENT_DATE + INTERVAL '180 days')::date, TRUE),
    ('77777777-7777-7777-7777-777777779007', '44444444-4444-4444-4444-444444444409', '66666666-6666-6666-6666-666666666602', '44444444-4444-4444-4444-444444444402', 'MEMBER', (CURRENT_DATE + INTERVAL '35 days')::date, (CURRENT_DATE + INTERVAL '180 days')::date, TRUE),
    ('77777777-7777-7777-7777-777777779008', '44444444-4444-4444-4444-444444444405', '66666666-6666-6666-6666-666666666603', '44444444-4444-4444-4444-444444444403', 'MANAGER', (CURRENT_DATE - INTERVAL '380 days')::date, (CURRENT_DATE - INTERVAL '150 days')::date, FALSE),
    ('77777777-7777-7777-7777-777777779009', '44444444-4444-4444-4444-444444444407', '66666666-6666-6666-6666-666666666603', '44444444-4444-4444-4444-444444444405', 'MEMBER', (CURRENT_DATE - INTERVAL '360 days')::date, (CURRENT_DATE - INTERVAL '160 days')::date, FALSE)
ON CONFLICT (id) DO UPDATE
SET employee_id = EXCLUDED.employee_id,
    project_id = EXCLUDED.project_id,
    supervisor_id = EXCLUDED.supervisor_id,
    assignment_role = EXCLUDED.assignment_role,
    start_date = EXCLUDED.start_date,
    end_date = EXCLUDED.end_date,
    is_active = EXCLUDED.is_active;

COMMIT;
